"Plot","NumSp","Species","Fgset","Fgset2","soil_diffgm2_0.20cm_Calcium_aa","soil_diffgm2_0.20cm_Carbon_ea","soil_diffgm2_0.20cm_CEC_aa","soil_diffgm2_0.20cm_Magnesium_aa","soil_diffgm2_0.20cm_Nitrogen_ea","soil_diffgm2_0.20cm_pH_1:1w","soil_diffgm2_0.20cm_Phosphorus_bray","soil_diffgm2_0.20cm_Potassium_aa","gm2_1994_0.20cm_Calcium_aa","gm2_1994_0.20cm_Carbon_ea","gm2_1994_0.20cm_CEC_aa","gm2_1994_0.20cm_Magnesium_aa","gm2_1994_0.20cm_Nitrogen_ea","gm2_1994_0.20cm_pH_1:1w","gm2_1994_0.20cm_Phosphorus_bray","gm2_1994_0.20cm_Potassium_aa","gm2_2017_0.20cm_Calcium_aa","gm2_2017_0.20cm_Carbon_ea","gm2_2017_0.20cm_CEC_aa","gm2_2017_0.20cm_Magnesium_aa","gm2_2017_0.20cm_Nitrogen_ea","gm2_2017_0.20cm_pH_1:1w","gm2_2017_0.20cm_Phosphorus_bray","gm2_2017_0.20cm_Potassium_aa","AbvBioAnnProd.2015.2017","Root030cm.2015.2017","TotalProd.2015.2017","Nitrogen_gm2_Abv","Phosphorus_gm2_Abv","Potassium_gm2_Abv","Magnesium_gm2_Abv","Calcium_gm2_Abv","Nitrogen_gm2_Root.0.30cm","Phosphorus_gm2_Root.0.30cm","Potassium_gm2_Root.0.30cm","Magnesium_gm2_Root.0.30cm","Calcium_gm2_Root.0.30cm","Calcium_total.soil.plant.g.m2","Magnesium_total.soil.plant.g.m2","Nitrogen_total.soil.plant.g.m2","Phosphorus_total.soil.plant.g.m2","Potassium_total.soil.plant.g.m2"
2,1,"Lesca","L","L",-1.66,95.46,-0.08,-0.59,2.22,0.5,-1.78,-2.52,110.01,1021.2,2.51,19.37,100.64,5.5,12.14,9.18,108.34,1116.66,2.43,18.77,102.86,6,10.36,6.66,95.56,312.96,408.52,1.8,0.23,0.5,0.28,1.34,4.88,0.81,1.03,0.66,3.16,2.84,0.35,8.9,-0.74,-0.99
3,4,"Asctu Liaas Monfi Panvi Solri","4F","GF",-25.87,-446.76,-0.75,-8.72,-52.56,0.2,-2.34,-5.96,128.35,1299.4,3.14,28.62,125.56,5.8,13.43,12.67,102.48,852.64,2.39,19.9,73,6,11.1,6.71,94.39,304.16,398.55,0.84,0.09,1.04,0.42,1.26,1.95,0.46,1.52,0.76,2.65,-21.96,-7.54,-49.77,-1.79,-3.4
5,1,"Andge","4","G",26.76,325.54,0.67,8.47,15.79,0.9,0.55,-2.42,81.89,1096.62,1.75,8.64,108.78,5.1,12.35,9.97,108.65,1422.16,2.42,17.11,124.57,6,12.9,7.54,72.01,995.27,1067.28,0.71,0.17,0.58,0.15,0.55,4.78,1.29,1.69,1.39,4.68,31.99,10.01,21.28,2.01,-0.15
6,2,"Panvi Schsc","4","G",7.65,211.29,0.25,4.92,8.96,0.8,-3.56,-0.28,91.39,1077.44,1.9,9.32,109.52,5.2,11.84,7.31,99.04,1288.73,2.15,14.24,118.48,6,8.28,7.03,58.74,1022.1,1080.85,0.51,0.11,0.47,0.09,0.39,4.8,1.02,1.64,1.23,4.8,12.84,6.24,14.27,-2.43,1.83
9,16,"Achmi Agrsm Amoca Andge Asctu Elyca Lesca Liaas Luppe Monfi Panvi Petpu Poapr Quema Schsc Solri Sornu","34FL","GFL",55.34,632.09,1.33,11.7,37.91,1.2,-3.72,3.79,87.84,956.58,1.86,8.97,101.32,5,13.71,10.23,143.18,1588.67,3.19,20.67,139.23,6.2,9.99,14.02,213.5,1318.25,1531.76,2.16,0.38,2.03,0.38,2.07,7.51,1.32,3.43,1.58,8.57,65.98,13.66,47.58,-2.02,9.25
11,1,"Achmi","F","F",10.54,66.88,0.22,-0.56,-6.39,0.7,-1.7,2.67,117.18,1050.8,2.74,23.94,106.56,5.4,14.21,7.02,127.72,1117.68,2.96,23.39,100.17,6.1,12.5,9.69,75.08,298.62,373.69,0.87,0.19,0.78,0.2,0.53,2.63,0.69,1.43,0.57,2.18,13.25,0.21,-2.89,-0.82,4.88
12,8,"Achmi Koecr Luppe Monfi Petca Petvi Poapr Schsc Solri Sornu","34FL","GFL",39.34,741.32,0.92,5.73,48.66,0.9,0.28,5.59,114.16,1328.2,2.68,21.39,118.9,5.4,11.89,8.69,153.5,2069.52,3.6,27.12,167.56,6.3,12.17,14.27,251.11,1343.39,1594.5,2.41,0.43,2.91,0.53,2.16,1.07,1.88,4.3,2.42,12.9,54.4,8.68,52.14,2.59,12.8
14,2,"Asctu Liaas","F","F",18.44,-312.48,0.27,1.42,-38.16,0.8,-2.3,-8.49,87.21,1428.48,2.18,17.16,135.36,5.2,17.57,15.82,105.65,1116,2.45,18.58,97.2,6,15.26,7.32,98.1,147.78,245.88,1,0.13,1.04,0.44,1.42,1.43,0.31,0.71,0.41,1.58,21.44,2.27,-35.73,-1.86,-6.74
15,8,"Agrsm Elyca Monfi Petca Petpu Petvi Poapr Queel Quema Solri","3FL","GFL",24.89,250.59,0.63,6.67,2.89,0.8,-2.64,1.4,113.76,1249.76,2.61,19.68,125.56,5.5,12.26,9.02,138.65,1500.35,3.24,26.34,128.45,6.3,9.63,10.42,306.76,842.01,1148.77,2.58,0.55,4.75,1.01,4.11,7.66,1.6,4.97,1.6,14.65,43.65,9.28,13.13,-0.49,11.12
16,1,"Asctu","F","F",-4.55,-538.56,-0.3,-5.01,-56.16,0.8,-4.61,-8.2,107.08,1494.72,2.68,23.53,146.88,5.4,16.7,13.51,102.53,956.16,2.38,18.52,90.72,6.2,12.1,5.31,41.58,226.49,268.08,0.63,0.13,0.39,0.15,0.38,2.4,0.61,1.49,0.41,3.24,-0.93,-4.45,-53.13,-3.87,-6.32
20,1,"Amoca","L","L",-9.41,-14.18,-0.18,-1.76,-11.47,0.2,-4.11,0.55,121.98,1030.08,2.73,21.3,103.6,5.7,13.02,5.59,112.57,1015.9,2.55,19.54,92.13,5.9,8.92,6.14,294.41,785,1079.41,5.77,0.5,0.82,0.62,4.71,9.81,2.04,1.73,2.43,7.46,2.76,1.29,4.11,-1.57,3.1
22,8,"Agrsm Asctu Elyca Koecr Liaas Monfi Petca Petvi Quema Solri","3FL","GFL",6.96,49.82,0.2,2.45,-12.88,0.6,-0.91,1.73,115.22,971.48,2.55,19.07,101.32,5.7,13.11,7.8,122.18,1021.3,2.75,21.51,88.44,6.3,12.2,9.53,299.49,412.38,711.86,3.71,0.45,3.32,0.9,3.23,4.37,0.74,1.73,0.91,4.66,14.85,4.26,-4.8,0.28,6.78
24,4,"Asctu Elyca Panvi Schsc","34F","GF",13.3,214.33,0.32,4.29,-2.48,0.7,-4.13,-2.67,106.36,1080.4,2.44,18.88,103.6,5.5,14.8,10.78,119.66,1294.73,2.76,23.17,101.12,6.2,10.67,8.11,83.42,505.2,588.62,0.8,0.17,0.7,0.21,0.68,2.88,0.56,0.91,0.71,2.73,16.71,5.21,1.2,-3.4,-1.06
26,4,"Agrsm Elyca Petpu Sornu","34L","GL",12.16,631.25,0.2,-1.68,30.6,0.6,-4.63,2,116.82,1357.2,2.86,26.04,121.8,5.6,16.53,8.47,128.98,1988.45,3.06,24.36,152.4,6.2,11.9,10.47,174.9,1008.41,1183.31,1.84,0.33,1.56,0.38,1.47,7.56,1.21,2.82,1.61,9.68,23.31,0.31,40,-3.09,6.38
27,16,"Achmi Agrsm Amoca Asctu Koecr Lesca Liaas Luppe Monfi Panvi Petpu Poapr Queel Quema Schsc Solri Sornu","34FL","GFL",33.73,175.07,0.8,3.96,20.64,0.7,-1.11,5.35,125.26,1740.92,2.98,23.49,133.48,5.7,9.94,6.73,158.99,1915.99,3.78,27.45,154.12,6.4,8.83,12.07,248.98,1180.07,1429.05,2.46,0.42,2.94,0.62,2.71,9.91,1.77,4.37,2.12,17.47,53.91,6.7,33.01,1.08,12.66
28,4,"Lesca Petpu Queel Quema","L","L",12.78,491.85,0.24,0.75,34.97,0.4,-2.6,-1.38,111.65,1096.62,2.64,22.09,108.78,5.5,14.7,10.1,124.43,1588.47,2.88,22.85,143.75,5.9,12.1,8.72,159.81,592.57,752.37,2.68,0.35,1.13,0.42,1.85,7.76,1.07,1.84,1.01,5.87,20.5,2.18,45.41,-1.18,1.59
29,1,"Lesca","L","L",32.47,124.37,0.65,4.91,6.15,0.5,-2.62,-4.05,65.12,1258.52,1.53,10.42,113.88,5.1,13.72,9.67,97.59,1382.89,2.18,15.33,120.03,5.6,11.1,5.62,52.53,307.96,360.48,0.77,0.14,0.38,0.19,0.44,3.23,0.43,0.68,0.49,2.74,35.65,5.59,10.15,-2.05,-2.99
30,16,"Achmi Agrsm Amoca Andge Asctu Elyca Koecr Liaas Luppe Monfi Panvi Poapr Queel Quema Schsc Solri Sornu","34FL","GFL",68.88,819.28,1.59,12.37,45.46,1,-2.63,4.4,80.55,1196.58,1.77,9.95,120.54,5.1,12.35,9.14,149.43,2015.86,3.36,22.33,166,6.1,9.72,13.54,281.98,1367.14,1649.12,2.96,0.51,3.41,0.59,2.71,7.66,1.64,4.51,1.78,6.84,78.43,14.74,56.08,-0.48,12.32
31,1,"Schsc","4","G",6.26,407.83,0.22,5.02,7.39,0.7,-0.6,0.09,87.49,691.58,1.79,8.61,72.48,5.2,9.66,7.21,93.74,1099.41,2.01,13.63,79.88,5.9,9.06,7.31,41.21,950.88,992.08,0.36,0.08,0.35,0.06,0.3,5.61,1.14,1.62,1.33,5.52,12.08,6.41,13.36,0.62,2.06
33,4,"Agrsm Andge Liaas Petca Petvi","34FL","GFL",38.2,378.88,0.92,8.7,15.11,0.7,-4.12,3.66,70.95,1090.74,1.54,8.22,105.84,5.2,12.94,7.71,109.15,1469.62,2.46,16.92,120.95,5.9,8.81,11.38,189.81,1121.05,1310.87,2.2,0.34,2.11,0.51,1.92,5.16,1.23,3.59,1.35,6.17,46.29,10.56,22.47,-2.55,9.36
34,16,"Achmi Agrsm Amoca Andge Asctu Elyca Koecr Luppe Monfi Panvi Petpu Poapr Queel Quema Schsc Solri Sornu","34FL","GFL",41.28,913.12,1.19,12.92,56.93,0.8,0.48,8.34,98.74,1134.84,2.05,9.51,111.72,5.3,9.11,8.19,140.02,2047.95,3.24,22.43,168.65,6.1,9.59,16.53,257.97,1100.83,1358.8,2.61,0.49,2.94,0.46,1.88,6.49,1.32,4.07,1.43,6.05,49.21,14.81,66.03,2.29,15.35
35,16,"Agrsm Amoca Andge Asctu Elyca Koecr Lesca Liaas Luppe Monfi Panvi Petpu Queel Quema Schsc Solri Sornu","34FL","GFL",73.29,902.28,1.58,11.05,64.97,1,-3.5,4.22,97.09,1205.96,2.29,18.04,116.8,5.4,10.22,9.37,170.38,2108.24,3.87,29.09,181.77,6.4,6.72,13.6,209.18,1158.44,1367.62,2.36,0.36,2.51,0.56,2.32,8.8,1.39,4.63,1.51,13.55,89.16,13.12,76.13,-1.75,11.36
44,4,"Asctu Panvi Petca Petpu Petvi","4FL","GFL",16.18,448.22,0.53,8.63,23.36,0.7,-2.63,1.78,109.8,1258.52,2.24,9.25,122.64,5.5,11.39,8.03,125.98,1706.74,2.77,17.89,146,6.2,8.76,9.81,214.51,926.64,1141.16,2.34,0.45,1.52,0.58,1.93,6.12,1.11,3.34,1.2,6.12,24.23,10.41,31.82,-1.07,6.64
45,4,"Andge Liaas Petpu Quema","4FL","GFL",43.44,529.35,0.89,5.93,30.77,0.9,-2.35,-0.21,70.67,828,1.56,10.21,81,5.1,14.4,8.2,114.12,1357.35,2.45,16.14,111.78,6,12.05,7.99,189.05,1069.12,1258.17,1.85,0.26,2.02,0.7,2.23,5.35,1.28,5.35,1.82,8.55,54.22,8.45,37.97,-0.81,7.16
46,16,"Achmi Agrsm Amoca Andge Asctu Elyca Koecr Liaas Luppe Monfi Panvi Petpu Poapr Queel Quema Schsc Solri","34FL","GFL",65.45,594.23,1.53,12.75,37.61,1.1,-1.49,5.21,78.53,1126.02,1.69,8.43,108.78,5.1,11.47,8.93,143.98,1720.25,3.22,21.18,146.39,6.2,9.98,14.14,326.02,1146.96,1472.97,3.36,0.68,3.72,0.62,2.8,7.46,1.38,3.78,1.49,7.68,75.93,14.86,48.43,0.57,12.71
48,2,"Koecr Lesca","3L","GL",35.27,500.24,0.8,8.6,36.26,0.7,-2.07,-2.72,73.29,1021.2,1.67,10.48,97.68,5.2,17.17,12.14,108.56,1521.44,2.47,19.09,133.94,5.9,15.1,9.42,147.82,432.97,580.79,2.53,0.33,0.99,0.3,1.3,5.28,0.95,1.26,0.69,3.72,40.29,9.59,44.07,-0.79,-0.47
50,8,"Achmi Elyca Koecr Lesca Petca Petpu Petvi Poapr Quema","3FL","GFL",3.99,262.94,0.16,-1.88,22.88,0.3,-2.26,0.12,130.18,896.98,3.01,25.88,83.44,5.9,13.41,10.03,134.17,1159.92,3.17,24,106.32,6.2,11.15,10.15,172.92,619.62,792.54,2.35,0.45,1.44,0.43,1.5,7.68,1.24,1.8,1.12,10.04,15.53,-0.33,32.91,-0.57,3.36
53,4,"Lesca Poapr Quema Sornu","34L","GL",16.1,471.46,0.4,4.3,35.8,0.6,-4.1,-0.46,113.42,1033.04,2.56,19.47,94.72,5.6,14.5,9.35,129.52,1504.5,2.96,23.77,130.52,6.2,10.4,8.9,133.67,577.62,711.29,1.36,0.24,1.07,0.29,1.02,4.85,0.75,1.56,0.69,5.03,22.15,5.28,42.01,-3.11,2.17
56,2,"Luppe Schsc","4L","GL",21.21,745.14,0.44,0.5,56.82,0.4,0.84,3.15,126.48,1041.92,2.94,24.44,100.64,5.9,11.54,11.33,147.7,1787.06,3.38,24.95,157.46,6.3,12.38,14.49,162.46,1090.93,1253.4,1.53,0.34,1.45,0.36,1.07,8.84,1.42,3.82,1.75,8.4,30.68,2.61,67.19,2.6,8.42
57,8,"Achmi Agrsm Koecr Lesca Monfi Petca Petvi Poapr Schsc Solri","34FL","GFL",25.54,387.16,0.57,4.18,18.31,0.9,-2.68,1.38,104.8,1096.62,2.42,18.77,108.78,5.3,14.41,9.14,130.33,1483.79,2.99,22.95,127.09,6.2,11.72,10.52,303.71,1097.27,1400.98,3.74,0.58,2.58,0.76,2.49,9.44,1.54,3.95,1.76,14.92,42.95,6.7,31.49,-0.56,7.91
58,4,"Andge Monfi Poapr Solri Sornu","34F","GF",9.05,495.21,0.07,-2.17,39.93,0.3,-2.72,-2.64,96.71,771,2.32,21.65,72,5.8,12.9,9.98,105.76,1266.21,2.39,19.48,111.93,6.1,10.18,7.35,148.11,705.72,853.83,1.2,0.24,2.1,0.43,1.72,3.81,0.71,2.75,0.92,6.35,17.12,-0.82,44.94,-1.77,2.21
62,4,"Elyca Lesca Petca Petvi Quema","3L","GL",30.27,339.51,0.58,1.6,26.01,0.4,-1.24,2.1,105.73,971.48,2.5,22.76,92.38,5.8,12.81,8.77,136,1310.99,3.08,24.37,118.39,6.2,11.57,10.87,156.87,522.73,679.6,2.24,0.33,1.29,0.39,1.36,5.59,0.89,1.73,0.94,6.27,37.9,2.93,33.84,-0.02,5.12
67,8,"Agrsm Koecr Luppe Monfi Petca Petvi Queel Quema Solri Sornu","34FL","GFL",68.26,892.35,1.67,14.23,69.73,1.2,-2.09,7.12,81.39,1024.16,1.75,9.56,91.76,5,17.76,9.15,149.66,1916.51,3.42,23.79,161.49,6.2,15.67,16.27,340.9,1303.17,1644.07,3.27,0.61,4.7,0.82,3.68,9.51,1.82,5.99,2.35,14.73,86.67,17.4,82.51,0.34,17.81
68,16,"Achmi Agrsm Asctu Elyca Koecr Lesca Liaas Luppe Monfi Panvi Petpu Poapr Queel Quema Schsc Solri Sornu","34FL","GFL",44.59,865.98,1.15,11.21,57.8,0.9,-1.21,5.93,87.02,1202.46,1.89,10.19,114.66,5.1,13.82,8.94,131.61,2068.44,3.04,21.4,172.46,6,12.61,14.87,321.18,926.7,1247.88,2.92,0.55,4.5,0.77,3.28,7.32,1.3,3.98,1.11,6.76,54.63,13.09,68.04,0.64,14.41
69,1,"Achmi","F","F",-3.44,121.36,0.04,4.88,0,0.4,-1.78,-2.83,101.32,997.52,2.07,9.13,97.68,5.3,14.21,8.6,97.88,1118.88,2.11,14.01,97.68,5.7,12.43,5.77,54.56,391.41,445.97,0.81,0.15,0.53,0.12,0.28,3.91,0.55,0.78,0.55,2.39,-0.77,5.55,4.72,-1.08,-1.52
70,4,"Andge Asctu Luppe Schsc","4FL","GFL",78.76,966.34,1.89,14.92,68.91,1.2,-0.88,7.64,79.14,1128.96,1.71,9.14,105.84,4.9,14.11,7.55,157.9,2095.3,3.6,24.06,174.75,6.1,13.23,15.19,257.02,1264.04,1521.05,2.36,0.54,2.39,0.46,2.03,5.06,1.26,4.42,1.14,6.57,87.36,16.52,76.33,0.92,14.45
74,8,"Achmi Agrsm Asctu Elyca Koecr Petca Petvi Quema Sornu","34FL","GFL",38.22,846.21,0.91,7.22,55.15,0.7,-0.79,0.64,92.72,1255.6,2.23,18.13,116.8,5.4,10.8,11.76,130.95,2101.81,3.14,25.35,171.95,6.1,10.01,12.4,253.3,1005.7,1259.01,2.76,0.41,2.05,0.56,2,7.24,1.21,3.12,1.51,15.59,55.81,9.29,65.15,0.83,5.81
75,2,"Asctu Panvi","4F","GF",7.83,120.34,0.1,-1.12,0.65,0.4,-0.9,0.28,99.5,1167.18,2.32,19.36,111.72,5.6,8.23,7.25,107.34,1287.52,2.42,18.24,112.37,6,7.33,7.53,124.03,737.86,861.9,1.1,0.19,0.68,0.33,0.66,3.25,0.81,2.73,1.11,3.84,12.33,0.32,5,0.1,3.69
81,8,"Achmi Agrsm Elyca Lesca Liaas Petpu Poapr Schsc","34FL","GFL",31.61,720.08,0.8,8.87,57.25,0.7,-1.03,2.28,71.11,1006.4,1.51,7.45,97.68,5,9.18,7.19,102.72,1726.48,2.31,16.31,154.93,5.7,8.14,9.47,240.04,1004.29,1244.32,2.52,0.29,2.3,0.7,2.66,8.03,1.31,3.41,1.31,8.94,43.21,10.88,67.8,0.57,7.99
82,16,"Achmi Amoca Andge Asctu Elyca Lesca Liaas Luppe Monfi Panvi Petpu Poapr Queel Quema Schsc Solri Sornu","34FL","GFL",62.17,712.09,1.52,13.02,50.58,1,-0.01,8.43,74.44,1024.16,1.59,8.55,97.68,5.1,13.62,7.27,136.61,1736.25,3.11,21.57,148.26,6.1,13.6,15.7,284.02,797.78,1081.79,2.95,0.48,3.81,0.68,2.9,4.47,0.96,2.47,0.8,4.63,69.7,14.5,58,1.43,14.71
83,1,"Luppe","L","L",77.57,200.16,1.74,14.24,15.12,1,-3.74,-1.01,95.9,1460.16,2.09,11.02,132.48,5.1,14.69,9.01,173.47,1660.32,3.83,25.26,147.6,6.1,10.94,8,86.73,251.99,338.72,1.68,0.36,1.05,0.42,0.88,2.97,0.48,0.71,0.45,2.27,80.72,15.11,19.77,-2.9,0.75
87,1,"Sornu","4","G",11.39,485.7,0.22,1.97,32.79,0.6,-3.48,-3.92,105.11,1123.08,2.54,21.7,102.9,5.6,19.11,12.97,116.5,1608.78,2.76,23.67,135.69,6.2,15.63,9.04,56.93,333.27,390.2,0.54,0.09,0.35,0.1,0.31,1.97,0.43,1.03,0.43,1.67,13.37,2.5,35.3,-2.96,-2.54
89,16,"Achmi Agrsm Amoca Andge Asctu Elyca Koecr Liaas Luppe Panvi Petpu Poapr Queel Quema Schsc Sornu","34FL","GFL",50.63,721.26,1.24,10.09,39.66,0.9,-2.92,3.35,116.2,1480.32,2.74,20.97,132.48,5.4,15.55,11.19,166.83,2201.58,3.98,31.06,172.14,6.3,12.64,14.55,315.49,1043.25,1358.74,3.75,0.63,3.57,0.76,3.25,7.3,1.25,3.55,1.56,7.72,61.6,12.41,50.71,-1.04,10.47
92,1,"Sornu","4","G",-6.25,591.01,-0.11,-0.82,26.46,0.2,-1.37,1.23,149.43,1578.72,3.42,24.07,145.86,5.6,19.16,9.93,143.18,2169.74,3.31,23.25,172.32,5.8,17.79,11.16,99.94,643.99,743.93,0.93,0.18,0.91,0.17,0.64,2.7,0.77,1.8,0.77,3.54,-2.07,0.12,30.09,-0.42,3.94
93,4,"Agrsm Koecr Luppe Petpu","3L","GL",58.2,1041.28,1.38,7.57,91.85,0.7,-6.49,1.47,118.17,1018.24,2.8,24.02,100.64,5.5,22.5,13.37,176.37,2059.52,4.18,31.59,192.49,6.2,16.01,14.85,285.88,1166.69,1452.57,4.2,0.71,2.66,0.77,3.57,11.08,2.1,4.2,1.75,19.25,81.02,10.09,107.13,-3.68,8.33
94,1,"Lesca","L","L",9.36,-63.4,0.18,0.55,-11.08,0.5,-2.1,-2.66,107.35,1477.44,2.52,18.88,146.88,5.6,12.1,9.79,116.71,1414.04,2.7,19.43,135.8,6.1,10,7.13,110.87,354.87,465.74,2.07,0.23,0.57,0.28,1.25,5.39,0.89,1.31,0.75,4.05,14.66,1.58,-3.62,-0.98,-0.78
98,8,"Achmi Agrsm Andge Koecr Luppe Panvi Poapr Queel","34FL","GFL",26.65,206.63,0.64,4.31,12.04,0.8,-1.99,2.75,109.78,1604.46,2.63,20.28,154.44,5.4,15.16,11.25,136.43,1811.09,3.27,24.59,166.48,6.2,13.17,13.99,212,1444.81,1656.82,2.01,0.51,2.23,0.47,1.44,7.51,1.44,5.2,1.73,6.65,34.74,6.51,21.56,-0.04,10.18
104,8,"Achmi Elyca Koecr Liaas Luppe Petpu Queel Schsc","34FL","GFL",60.26,547.32,1.41,9.05,39.75,1,-1.89,6.07,110.62,1357.2,2.59,19.67,130.5,5.4,16.82,10.81,170.88,1904.52,4,28.72,170.26,6.4,14.93,16.88,232.8,1083,1315.8,2.89,0.47,2.23,0.54,2.37,10.72,2.06,5.2,1.84,18.19,80.82,11.43,53.36,0.64,13.5
107,16,"Agrsm Amoca Andge Asctu Elyca Koecr Lesca Liaas Luppe Monfi Panvi Petpu Poapr Queel Quema Schsc Solri","34FL","GFL",30.89,706.68,0.85,9.69,52.44,0.7,2.05,5.55,89.98,795,1.8,7.68,87,5.4,12.9,7.29,120.87,1501.68,2.65,17.37,139.44,6.1,14.95,12.84,272.53,1078.78,1351.32,3.03,0.49,2.81,0.6,2.34,7.23,1.4,3.56,1.62,7.12,40.35,11.91,62.7,3.94,11.92
108,16,"Achmi Agrsm Amoca Andge Elyca Koecr Liaas Luppe Monfi Panvi Petpu Poapr Queel Quema Schsc Solri Sornu","34FL","GFL",77.61,613.34,1.92,16.94,33.77,1.2,-3.79,9.4,84.1,1241,1.81,9.65,122.64,5,15.18,6.51,161.71,1854.35,3.73,26.58,156.41,6.2,11.4,15.91,402.23,1550.43,1952.66,4.5,0.84,5.39,1.05,4.3,10.08,2.02,6.98,2.02,10.08,91.99,20.01,48.35,-0.93,21.77
109,1,"Andge","4","G",21.22,233.1,0.5,5.09,9.62,0.9,-2.37,0.14,82.47,1036,1.77,9.7,103.6,5,11.84,8.68,103.7,1269.1,2.27,14.79,113.22,5.9,9.47,8.83,64.68,674.69,739.38,0.62,0.15,0.53,0.13,0.42,2.09,0.54,1.28,0.61,2.09,23.73,5.83,12.33,-1.68,1.95
110,4,"Elyca Lesca Luppe Panvi","34L","GL",59.83,888.47,1.41,10.73,70.04,0.9,-2.82,2,68.71,982.72,1.53,8.66,103.6,5.1,10.36,10.15,128.54,1871.19,2.94,19.39,173.64,6,7.54,12.14,256.84,1178.57,1435.42,2.7,0.46,2.36,0.54,1.72,6.95,1.41,4.36,1.53,6.13,67.68,12.8,79.69,-0.95,8.72
111,8,"Achmi Agrsm Lesca Monfi Petca Petvi Poapr Queel Quema Solri","3FL","GFL",26.73,499.98,0.62,5.33,35.41,0.5,-1.8,-1.75,109.14,1331.1,2.58,19.94,130.5,5.4,7.54,11.88,135.88,1831.08,3.2,25.27,165.91,5.9,5.74,10.13,339.88,627.38,967.26,3.84,0.51,3.74,0.88,4.01,6.02,0.88,2.76,1.07,5.9,36.64,7.28,45.27,-0.41,4.75
115,8,"Agrsm Andge Asctu Elyca Koecr Monfi Poapr Queel Solri","34F","GF",-3.32,250.98,-0.13,-2.58,11.17,-0.1,-4.73,0.54,120.36,1143.66,2.82,24.26,111.72,5.9,12.05,6.86,117.04,1394.64,2.69,21.68,122.89,5.8,7.32,7.4,139.54,875.05,1014.58,0.95,0.25,1.19,0.28,0.92,4.9,1.05,2.63,1.14,3.68,1.28,-1.16,17.02,-3.43,4.36
117,2,"Asctu Luppe","FL","FL",58.51,381.46,1.24,6.67,35,1,-2.6,0.77,79.97,1077.44,1.93,16.51,103.6,5.4,10.36,9.38,138.48,1458.9,3.17,23.19,138.6,6.4,7.76,10.15,65.82,523.93,589.75,0.94,0.15,0.47,0.15,0.6,4.4,1.1,2.51,1,3.82,62.93,7.82,40.34,-1.35,3.75
118,8,"Achmi Agrsm Andge Asctu Koecr Monfi Petpu Quema Solri","34FL","GFL",12.03,440.92,0.29,3.76,24.09,0.5,-1.75,-0.07,97.24,1211.8,2.24,16.57,119.72,5.4,7.3,8.08,109.28,1652.72,2.53,20.33,143.81,5.9,5.55,8.01,150.34,840.81,991.15,1.44,0.26,1.22,0.36,1.52,4.96,0.67,1.93,1.01,6.56,20.11,5.13,30.49,-0.82,3.08
125,2,"Petpu Schsc","4L","GL",25.83,213.12,0.47,0.86,16.56,0.3,-4.9,1.23,122.27,1428.48,2.95,24.85,132.48,5.8,15.55,9.91,148.11,1641.6,3.42,25.71,149.04,6.1,10.66,11.14,205.82,982.16,1187.98,2.14,0.47,2.08,0.58,2.08,8.94,1.08,2.26,1.28,13.75,41.66,2.72,27.64,-3.35,5.57
129,1,"Liaas","F","F",23.88,-62.92,0.48,3.46,-5.72,0.6,-3.15,-2.22,116.24,1538.68,2.71,18.94,140.14,5.5,16.59,10.77,140.12,1475.76,3.19,22.4,134.42,6.1,13.44,8.55,165.02,1448.54,1613.56,1.37,0.17,2.23,0.79,2.01,5.5,1.59,9.85,2.75,12.02,37.91,7,1.15,-1.39,9.86
130,8,"Achmi Asctu Elyca Liaas Panvi Petpu Quema Schsc","34FL","GFL",28.52,-211.14,0.56,1.58,-5.52,1.1,-5.8,1.9,114.25,2139,2.82,20.64,173.88,5.3,15.73,10.61,142.77,1927.86,3.38,22.22,168.36,6.4,9.94,12.51,244.33,1296.2,1540.54,2.52,0.37,3.18,0.81,3.25,10.5,2.07,4.54,2.2,16.33,48.1,4.59,7.5,-3.36,9.62
133,4,"Lesca Monfi Petca Petvi Schsc Solri","4FL","GFL",13.34,312.88,0.16,-3.53,4.72,0.4,-4.25,-0.94,100.2,873.14,2.45,23.89,92.38,5.8,15.5,8.98,113.54,1186.02,2.61,20.36,97.1,6.2,11.25,8.04,219.65,950.97,1170.62,2.04,0.37,2.11,0.75,2.66,8.18,1.24,3.23,1.52,9.89,25.89,-1.26,14.94,-2.64,4.4
135,1,"Schsc","4","G",0.53,-52.2,-0.06,-1.5,-12.32,0.4,-2.32,-1.94,103.13,1406.5,2.43,18.71,124.7,5.5,12.47,10.43,103.66,1354.3,2.37,17.21,112.38,5.9,10.15,8.49,79.49,722.69,802.18,0.65,0.17,0.7,0.16,0.41,3.04,0.72,1.52,0.79,3.47,4.41,-0.55,-8.63,-1.43,0.28
136,16,"Achmi Agrsm Amoca Andge Asctu Elyca Lesca Liaas Luppe Monfi Panvi Petpu Queel Quema Schsc Solri Sornu","34FL","GFL",50.99,492.49,1.15,8.23,22.49,0.7,-4.63,1.74,117.73,1400.7,2.73,19.76,133.4,5.6,16.53,12.77,168.73,1893.19,3.88,27.99,155.89,6.3,11.9,14.5,253.03,1211.66,1464.7,2.38,0.58,3.04,0.63,2.45,9.45,1.7,4.6,1.94,11.75,65.19,10.8,34.32,-2.35,9.38
137,1,"Amoca","L","L",16.68,484.65,0.32,0.6,28.23,0.4,-6.78,-4.51,120.77,1386.2,2.8,21.14,136.3,5.5,13.92,9.86,137.45,1870.85,3.12,21.74,164.54,5.9,7.14,5.35,276.24,998.82,1275.05,4.48,0.66,1.88,0.69,3.4,9.99,3,2.5,3,8.09,28.17,4.29,42.7,-3.12,-0.13
138,4,"Achmi Elyca Koecr Liaas","3F","GF",15.65,551.54,0.23,2.23,23.56,0.4,-0.07,-11.29,130.72,1712.52,3.13,21.42,156.2,5.4,14.48,19.35,146.37,2264.06,3.36,23.64,179.76,5.8,14.42,8.06,166.39,700.4,866.79,1.38,0.23,1.48,0.75,1.7,3.99,1.05,3.43,1.33,5.04,22.39,4.31,28.93,1.21,-6.38
139,4,"Agrsm Elyca Koecr Lesca","3L","GL",26.82,715.59,0.58,5.16,50.91,0.4,-3.02,-2.95,111.29,1445.76,2.65,19.15,135.36,5.5,18.43,15.23,138.12,2161.35,3.23,24.31,186.27,5.9,15.41,12.28,269.62,1072.98,1342.61,2.75,0.51,2.53,0.49,1.46,10.41,1.72,3.65,1.5,9.01,37.29,7.15,64.07,-0.79,3.23
142,1,"Koecr","3","G",18.15,32.85,0.36,2.82,-5.84,0.6,-2.04,-2.03,119.01,1308.16,2.74,20.91,125.56,5.6,15.18,9.77,137.16,1341.01,3.1,23.73,119.72,6.2,13.14,7.75,74.97,334.82,409.79,0.85,0.18,0.7,0.14,0.38,4.05,0.5,0.84,0.54,2.58,21.11,3.5,-0.94,-1.36,-0.49
146,8,"Achmi Andge Lesca Monfi Panvi Poapr Queel Quema Solri","34FL","GFL",22.65,1077.5,0.62,7.69,60.66,0.6,-2.48,2.02,95.43,1587.3,2.03,8.76,143,5,12.58,7.5,118.07,2664.8,2.65,16.45,203.66,5.6,10.1,9.52,297.78,1291.68,1589.46,2.5,0.54,3.16,0.71,3.28,5.04,1.29,3.49,1.42,4.91,30.84,9.82,68.2,-0.65,8.67
149,4,"Monfi Petca Petvi Quema Solri Sornu","4FL","GFL",30.48,537.5,0.67,3.63,27.1,0.6,-0.96,1.76,113.57,1538.68,2.69,20.21,140.14,5.4,8.87,10.2,144.06,2076.18,3.36,23.84,167.24,6,7.9,11.96,322.86,1309.87,1632.72,3.45,0.52,3.52,0.77,3.58,7.47,1.31,4.85,1.96,14.67,48.73,6.36,38.02,0.87,10.13
156,16,"Achmi Agrsm Amoca Andge Asctu Elyca Koecr Lesca Liaas Monfi Panvi Petpu Queel Quema Schsc Solri Sornu","34FL","GFL",40.14,716.54,0.83,2.94,57.48,0.7,-2.71,4.18,91.92,1232.24,2.2,19.44,110.96,5.3,8.76,5.56,132.06,1948.78,3.03,22.38,168.44,6,6.05,9.74,238.81,1272.31,1511.12,2.36,0.38,2.46,0.6,2.08,9.67,1.65,4.2,2.29,12.09,54.31,5.83,69.51,-0.68,10.84
157,2,"Agrsm Koecr","3","G",13.81,78.54,0.37,5.06,-4.6,0.5,-0.89,-0.61,102.61,1514.88,2.18,10.57,141.12,5.2,8.06,7.61,116.42,1593.42,2.55,15.63,136.52,5.7,7.17,7,63.22,281.5,344.72,0.63,0.11,0.51,0.1,0.28,2.31,0.39,0.82,0.39,1.41,15.5,5.55,-1.66,-0.39,0.72
160,16,"Achmi Agrsm Amoca Andge Asctu Koecr Lesca Liaas Luppe Monfi Panvi Petpu Queel Quema Schsc Solri Sornu","34FL","GFL",78.5,475.96,1.73,11.92,20.44,1.1,-3.21,7.58,57.78,1243.92,1.31,7.42,110.96,5.1,16.64,8.59,136.29,1719.88,3.04,19.33,131.4,6.2,13.43,16.17,297.06,1266.12,1563.18,2.91,0.45,2.61,0.48,2.41,13.29,1.77,4.43,2.15,10.26,91.17,14.55,36.64,-0.99,14.62
163,1,"Sornu","4","G",10.75,-214.32,0.08,-2.1,-23.26,0.7,-5.64,-5.07,118.36,1762.5,2.96,24.85,149.46,5.5,18.05,12.54,129.1,1548.18,3.04,22.76,126.2,6.2,12.41,7.47,86.18,537.29,623.47,0.66,0.13,0.61,0.16,0.48,3.17,0.64,1.56,0.7,2.96,14.19,-1.24,-19.43,-4.87,-2.9
164,16,"Agrsm Amoca Andge Asctu Elyca Koecr Lesca Liaas Monfi Panvi Petpu Poapr Queel Quema Schsc Solri Sornu","34FL","GFL",29.22,716.86,0.47,-1.67,51.1,0.5,-4.67,2.9,132.93,1246.84,3.3,32.32,110.96,5.7,17.23,10.39,162.15,1963.7,3.77,30.65,162.06,6.2,12.56,13.29,248.01,1000.84,1248.85,3.22,0.52,2.68,0.6,2.65,8.91,1.8,3.6,1.9,10.41,42.28,0.83,63.23,-2.35,9.18
165,2,"Poapr Sornu","34","G",1.99,113.49,-0.07,-3.2,-9.39,0.3,-2.77,0.37,136.62,1859.2,3.33,26.45,154,5.5,14.84,8.59,138.61,1972.68,3.26,23.25,144.61,5.8,12.07,8.96,121.41,801.02,922.43,0.9,0.21,1.04,0.19,0.87,4.81,1.04,2.32,1.04,4.33,7.19,-1.97,-3.68,-1.52,3.73
167,1,"Liaas","F","F",7.78,274.18,0.18,2.62,20.75,0.5,-2.88,-1.46,121.27,1077.44,2.71,20.37,97.68,5.5,17.17,7.84,129.05,1351.62,2.89,22.99,118.44,6,14.29,6.37,142.21,722.82,865.02,1.14,0.14,1.89,0.73,1.88,3.25,0.94,4.41,1.37,5.85,15.51,4.72,25.14,-1.8,4.84
168,2,"Andge Koecr","34","G",-5.18,281.84,-0.11,-0.94,8.82,0.2,-0.61,0.68,140.5,1290.64,3.16,23.42,122.64,5.8,10.8,7.26,135.32,1572.48,3.05,22.48,131.46,6,10.19,7.94,142.68,976.22,1118.9,1.06,0.31,1.11,0.37,1.06,4.3,0.98,2.25,1.17,4.59,0.470000000000001,0.6,14.18,0.68,4.04
169,16,"Achmi Agrsm Andge Asctu Elyca Koecr Lesca Liaas Luppe Monfi Panvi Petpu Poapr Queel Quema Solri Sornu","34FL","GFL",52.32,709.89,1.17,7.41,45.96,0.8,-3.54,6.95,117.98,1089.28,2.68,21.22,103.6,5.7,14.8,7.58,170.3,1799.17,3.85,28.63,149.56,6.5,11.26,14.53,279.41,1427.59,1706.99,2.77,0.61,2.74,0.64,2.49,8.14,1.71,4.85,2,9.42,64.23,10.05,56.87,-1.22,14.54
170,8,"Achmi Asctu Elyca Koecr Monfi Petca Petpu Petvi Queel Solri","3FL","GFL",24.85,455.22,0.46,0.74,40.6,0.5,-0.32,0.72,112.91,1087.8,2.6,21.29,102.9,5.8,13.23,7.46,137.76,1543.02,3.06,22.03,143.5,6.3,12.91,8.18,241.85,542.73,784.58,3.41,0.58,2.35,0.82,3.39,6.19,0.76,1.3,0.87,6.46,34.7,2.43,50.2,1.02,4.37
171,2,"Koecr Luppe","3L","GL",43.84,516.09,0.89,3.94,44.56,0.6,-1.23,0.82,130.38,1232.24,2.99,23.48,113.88,5.8,16.64,8.89,174.23,1748.33,3.88,27.42,158.45,6.4,15.42,9.71,159.93,578.54,738.46,1.47,0.3,0.9,0.46,1.54,5.73,1.1,1.97,0.81,3.76,49.14,5.21,51.76,0.17,3.69
174,16,"Achmi Agrsm Amoca Asctu Elyca Koecr Lesca Liaas Luppe Monfi Panvi Petpu Queel Quema Schsc Solri Sornu","34FL","GFL",41.2,389.64,1.04,7.91,6.61,0.9,-3.43,6.84,133.44,1644.36,3.06,21.13,150.52,5.6,14.77,8.43,174.64,2034,4.1,29.04,157.13,6.5,11.34,15.27,298.63,1072.19,1370.82,2.93,0.57,2.93,0.69,2.87,9.65,1.5,3.65,1.93,14.58,58.65,10.53,19.19,-1.36,13.42
175,2,"Luppe Sornu","4L","GL",39.47,792.7,1.1,9.7,47.24,0.8,-1.22,5.56,145.92,1258.52,3.19,20.87,119.72,5.6,12.56,9.33,185.39,2051.22,4.29,30.57,166.96,6.4,11.34,14.89,297.58,1258.45,1556.03,2.5,0.6,2.77,0.74,2.44,9.69,1.64,4.4,1.89,8.43,50.34,12.33,59.43,1.02,12.73
176,4,"Agrsm Liaas Panvi Poapr","34F","GF",11.24,-239.98,0.21,0.75,-30.53,0.3,-7.1,-0.74,125.55,1712.52,2.98,22.99,153.36,5.6,19.31,9.3,136.79,1472.54,3.19,23.75,122.83,5.9,12.21,8.56,135.04,1026.75,1161.79,1.07,0.22,1.34,0.46,1.03,4.72,1.44,2.77,1.85,6.26,18.53,3.06,-24.74,-5.44,3.37
177,8,"Andge Asctu Koecr Liaas Petca Petvi Quema Schsc Sornu","34FL","GFL",34.17,404.94,0.71,3.19,26.46,0.9,-5,0.37,99.22,1746.6,2.42,18.89,156.2,5.3,18.18,11.75,133.39,2151.54,3.13,22.08,182.66,6.2,13.18,12.12,308.25,1221.64,1529.89,3.05,0.62,3.24,0.71,2.5,7.57,1.59,3.79,1.59,7.82,44.49,5.49,37.08,-2.79,7.4
178,8,"Achmi Agrsm Elyca Koecr Liaas Monfi Panvi Schsc Solri","34F","GF",14.58,-97.3,0.23,0.44,-24.78,0.6,-12.59,-6.07,134.95,2669.04,3.6,26.96,224.4,5.2,28.51,17.5,149.53,2571.74,3.83,27.4,199.62,5.8,15.92,11.43,276.22,1086.12,1362.33,1.99,0.52,3.54,0.66,2.32,6.19,1.41,4.24,1.85,8.15,25.05,2.95,-16.6,-10.66,1.71
185,1,"Petpu","L","L",28.24,9.23,0.49,2.6,0.71,0.7,-5.96,-7.13,74.6,1726.72,1.77,10.7,156.2,5,16.19,12.35,102.84,1735.95,2.26,13.3,156.91,5.7,10.22,5.22,91.56,444.3,535.86,1.44,0.25,0.48,0.27,0.93,5.33,0.62,0.67,0.53,4.22,33.39,3.4,7.48,-5.09,-5.98
186,16,"Achmi Agrsm Amoca Asctu Elyca Koecr Lesca Luppe Monfi Panvi Petpu Poapr Queel Quema Schsc Solri Sornu","34FL","GFL",74.9,-60.72,1.74,12.91,-1.38,1.4,-7.18,1.25,80.41,2100.36,1.95,11.08,179.4,4.9,14.63,13.78,155.31,2039.64,3.69,23.99,178.02,6.3,7.45,15.02,373.88,1610.87,1984.75,4.11,0.75,5.57,0.82,4.11,9.83,2.42,4.83,2.74,11.44,90.45,16.47,12.56,-4.01,11.65
190,4,"Lesca Liaas Petpu Quema","FL","FL",10.58,-146.3,0.19,1.62,-4.2,0.5,-2.8,-3.62,108.97,1864.8,2.58,17.31,168,5.2,9.52,10.01,119.56,1718.5,2.77,18.93,163.8,5.7,6.72,6.39,211.9,632.21,844.1,1.61,0.28,1.97,1.12,2.61,7.33,1.07,1.64,1.07,6.83,20.02,3.81,4.74,-1.45,-0.0100000000000002
193,2,"Andge Luppe","4L","GL",76.34,1737.98,1.75,10.78,152.97,1.1,-3.2,8.4,93.77,1173.06,2.17,17.04,108.78,5.3,8.53,7.34,170.11,2911.04,3.92,27.82,261.75,6.4,5.32,15.75,293.7,1372.37,1666.08,2.2,0.47,2.73,0.7,2.58,8.65,1.37,4.8,1.92,7.82,86.74,13.4,163.82,-1.36,15.93
197,2,"Asctu Panvi","4F","GF",19.11,86.8,0.5,6.04,-7,0.8,-6.16,-0.02,104.76,1954.4,2.31,10.85,170.8,4.8,14.84,8.35,123.87,2041.2,2.81,16.89,163.8,5.6,8.68,8.33,175.94,956.64,1132.58,1.3,0.3,1.57,0.3,1.16,5.55,1.15,2.3,1.34,5.07,25.34,7.68,-0.15,-4.71,3.85
199,4,"Luppe Queel Quema Schsc","4L","GL",97.41,633.17,2.32,17.72,43.24,1.5,-6.68,7.39,80.62,1593.02,1.76,8.37,143,4.7,14.59,7.03,178.03,2226.19,4.08,26.09,186.24,6.2,7.91,14.42,254.14,1045.11,1299.25,2.19,0.41,2.24,0.51,1.73,6.38,1.15,2.82,1.36,6.17,105.31,19.59,51.81,-5.12,12.45
201,4,"Lesca Petpu Queel Sornu","4L","GL",39.31,659.31,0.76,-0.29,53.3,0.4,-3.61,4.29,145.45,1618.76,3.47,28.08,143,5.6,12.58,9.05,184.77,2278.07,4.23,27.79,196.3,6,8.97,13.34,278.34,878.16,1156.5,3.67,0.58,2.84,0.7,3.15,7.2,1.32,2.72,1.32,11.24,53.7,1.73,64.17,-1.71,9.85
202,16,"Achmi Agrsm Amoca Andge Asctu Elyca Koecr Lesca Liaas Luppe Monfi Panvi Petpu Poapr Schsc Solri Sornu","34FL","GFL",49.11,1082.84,1.28,6.77,75.25,0.6,-4,5.02,195.18,2309.28,4.87,37.85,195.84,5.6,17.95,10.77,244.28,3392.12,6.15,44.62,271.09,6.2,13.95,15.79,515.22,1466.25,1981.47,5.56,1.29,6.85,1.49,5.51,8.65,2.05,4.84,2.49,10.85,65.47,10.75,89.46,-0.66,16.71
205,1,"Petpu","L","L",7.86,-80.08,0.13,0.41,-7.86,0.8,-4.58,-1.26,148.69,1641.64,3.46,25.88,151.58,5.5,15.73,10.15,156.55,1561.56,3.59,26.29,143.72,6.3,11.15,8.88,149.84,710.09,859.93,2.34,0.36,1.24,0.43,2.4,8.59,1.42,2.2,1.35,11.57,21.83,2.19,3.07,-2.8,2.18
206,8,"Agrsm Andge Asctu Lesca Luppe Monfi Poapr Solri Sornu","34FL","GFL",35.15,186.59,1.04,7.22,13.27,1,-4.79,4.72,123.67,1838.64,2.89,19.98,163.56,5.5,17.2,8.88,158.82,2025.23,3.93,27.19,176.83,6.5,12.41,13.6,311.23,1141.94,1453.17,2.55,0.56,3.83,0.9,3.08,7.65,1.26,3.88,1.71,6.97,45.2,9.83,23.47,-2.97,12.43
208,8,"Achmi Agrsm Koecr Lesca Luppe Panvi Poapr Schsc","34FL","GFL",33.87,473.52,0.78,1.2,34.51,0.7,-5,4.68,150.65,1561.56,3.5,26.08,145.86,5.7,17.73,10.1,184.52,2035.08,4.28,27.28,180.36,6.4,12.73,14.78,323.72,1183.13,1506.85,3.08,0.65,2.85,0.65,1.97,10.29,1.54,3.55,1.89,9.47,45.31,3.74,47.88,-2.81,11.08
210,8,"Achmi Elyca Koecr Lesca Liaas Luppe Poapr Schsc","34FL","GFL",31.78,480.15,0.79,4.71,37.03,0.9,-5.41,2.62,147.76,1486.08,3.25,20.25,138.24,5.6,18.14,9.52,179.54,1966.23,4.04,24.97,175.27,6.5,12.74,12.14,306.19,1060.89,1367.09,3.18,0.55,2.39,0.89,3.34,9.12,1.59,2.65,1.7,8.59,43.71,7.3,49.33,-3.27,7.66
211,2,"Monfi Petca Petvi Solri","FL","FL",16.72,364.99,0.27,-1.28,26.44,0.2,-1.37,-0.7,117.02,1506.24,2.79,22.6,144,5.7,16.42,9.65,133.75,1871.23,3.06,21.32,170.44,5.9,15.04,8.95,266.79,488.95,755.74,4.27,0.59,1.28,0.61,2.56,7.19,1.12,2.15,0.98,5.57,24.85,0.31,37.9,0.34,2.73
213,8,"Achmi Andge Koecr Lesca Petca Petvi Poapr Quema Schsc","34FL","GFL",-3.06,556.4,-0.03,0,46.3,0.2,-4.12,3.1,115.55,1102.5,2.59,19.13,108.78,5.9,17.05,7.53,112.49,1658.9,2.56,19.13,155.08,6.1,12.94,10.63,281.77,735.44,1017.21,2.7,0.51,2.56,0.59,1.72,5.66,0.66,1.91,0.88,6.18,4.84,1.47,54.66,-2.95,7.57
220,16,"Achmi Agrsm Amoca Andge Asctu Koecr Lesca Luppe Monfi Panvi Petpu Poapr Queel Quema Schsc Solri Sornu","34FL","GFL",33.59,667.4,0.99,11.43,51.16,0.8,-7.76,7.32,81.63,1093.68,1.67,6.77,105.84,5.2,20.29,6.87,115.22,1761.08,2.66,18.2,157,6,12.52,14.19,249.52,992.61,1242.12,2.5,0.52,2.84,0.55,1.82,9.63,1.09,2.88,1.09,8.04,43.45,13.07,63.29,-6.15,13.04
223,4,"Koecr Liaas Poapr Queel","3F","GF",-9.12,436.99,-0.01,5.16,30.07,0.3,-0.92,-0.2,131.4,1428.48,2.67,10.42,135.36,5.3,8.64,7.46,122.28,1865.47,2.66,15.58,165.44,5.6,7.72,7.25,110.76,424.66,535.42,0.88,0.1,1.2,0.48,1.23,2.97,0.55,2.08,0.89,3.48,-4.41,6.53,33.92,-0.27,3.08
224,2,"Achmi Sornu","4F","GF",3.38,368.64,0.18,4.75,8.64,0.5,-3.74,-0.08,96.26,1437.12,2.08,10.04,135.36,5.1,12.67,10.1,99.64,1805.76,2.26,14.79,144,5.6,8.93,10.02,107.56,678.95,786.52,0.8,0.15,1.03,0.1,0.73,4.62,0.75,1.22,0.75,3.39,7.5,5.6,14.06,-2.84,2.17
225,4,"Elyca Petpu Queel Schsc","34L","GL",18.71,369.4,0.39,0.6,6.65,0.6,-2.61,2.7,115.05,1618.76,2.69,19.89,151.58,5.5,8.58,8.92,133.76,1988.16,3.08,20.49,158.23,6.1,5.97,11.63,229.43,1193.71,1423.13,2.29,0.39,2.09,0.46,2.06,12.77,1.55,2.98,1.67,19.82,40.59,2.73,21.71,-0.67,7.77
227,16,"Agrsm Amoca Andge Asctu Elyca Koecr Lesca Liaas Luppe Monfi Panvi Petpu Poapr Quema Schsc Solri Sornu","34FL","GFL",35.38,304.52,0.79,2.27,9.77,0.6,-4.83,3.07,112.54,1506.24,2.8,25.07,144,5.7,12.1,10.88,147.92,1810.76,3.59,27.34,153.77,6.3,7.27,13.95,348.87,1212.17,1561.04,3.35,0.63,5.06,0.84,3.63,8.49,1.7,4.73,1.82,13.21,52.22,4.93,21.61,-2.5,12.86
229,4,"Andge Petpu Poapr Schsc","34L","GL",26.17,570.57,0.58,4.04,20.02,0.6,-0.57,2.14,87.58,1573,2.12,16.83,154.44,5.3,5.72,7.73,113.76,2143.57,2.7,20.88,174.46,5.9,5.15,9.87,173.31,992.18,1165.49,2.15,0.31,1.61,0.43,1.68,8.53,0.79,2.08,1.19,9.13,36.98,5.66,30.7,0.53,5.83
230,1,"Panvi","4","G",2.03,398.16,-0.01,-0.89,19.44,0.5,-3.46,-1.03,101.19,1431.36,2.37,17.93,138.24,5.4,10.08,7.62,103.22,1829.52,2.36,17.04,157.68,5.9,6.62,6.59,91.65,634.81,726.46,0.85,0.16,0.51,0.25,0.58,5.01,0.7,1.4,1.02,3.43,6.04,0.38,25.3,-2.6,0.88
232,8,"Koecr Luppe Monfi Panvi Petca Petvi Queel Schsc Solri Sornu","34FL","GFL",63.41,917.35,1.59,10.06,48.28,0.6,-3.52,8.7,144.95,2331.04,3.56,26.14,201.28,5.5,13.33,6.58,208.36,3248.39,5.15,36.21,249.56,6.1,9.81,15.28,339.2,1206.68,1545.88,2.82,0.61,4.55,0.75,3.22,13.64,1.57,4.71,1.81,9.65,76.28,12.62,64.74,-1.34,17.96
233,4,"Liaas Petpu Poapr Queel","3FL","GFL",36.52,412.69,0.97,8.28,3.32,0.7,-3.99,1.66,108.61,2516.52,2.51,11.3,219.76,4.9,17.42,9.62,145.13,2929.21,3.48,19.58,223.08,5.6,13.43,11.28,343.24,1263.07,1606.31,3.71,0.41,3.81,1.51,4.39,12.13,1.89,5.3,2.27,13.64,54.55,12.06,19.16,-1.69,10.77
234,2,"Elyca Luppe","3L","GL",75.98,974.58,1.94,14.91,59.3,1.1,-3.05,6.28,85.85,1801.98,1.9,9.13,166.38,4.9,12.13,8.03,161.84,2776.56,3.84,24.04,225.67,6,9.07,14.31,235.4,893.72,1129.12,1.81,0.38,1.88,0.47,1.77,10.28,1.52,3.84,0.89,5.72,83.47,16.27,71.39,-1.15,12
235,16,"Achmi Agrsm Amoca Andge Asctu Lesca Liaas Luppe Monfi Panvi Petpu Poapr Queel Quema Schsc Solri Sornu","34FL","GFL",68.95,1014.03,1.82,14.74,51.18,0.9,-2.15,9.1,87.89,1765.32,1.9,8.48,160.74,5,9.02,6.42,156.84,2779.35,3.72,23.22,211.92,5.9,6.87,15.51,316.75,1314.87,1631.62,2.95,0.6,3.36,0.57,2.69,9.34,1.18,3.94,1.18,8.42,80.06,16.49,63.47,-0.37,16.4
236,2,"Lesca Panvi","4L","GL",21.64,538.68,0.61,8.24,16.67,0.5,-4.64,1.8,82.79,1412.3,1.73,6.75,136.3,5,11.02,7.13,104.43,1950.97,2.34,15,152.98,5.5,6.38,8.93,236.37,1032.28,1268.65,2.06,0.38,1.68,0.5,1.84,6.71,0.83,2.68,1.03,7.02,30.5,9.77,25.44,-3.43,6.16
237,1,"Poapr","3","G",4.65,-24.58,0.21,4.75,-13.82,0.6,-4.85,-1.56,116.6,1689.8,2.49,11.05,156.2,5.2,13.06,8.88,121.25,1665.22,2.7,15.81,142.38,5.8,8.21,7.33,75.79,295.25,371.04,0.7,0.14,0.52,0.14,0.4,2.6,0.44,0.77,0.38,1.98,7.03,5.27,-10.52,-4.27,-0.27
239,16,"Achmi Agrsm Amoca Andge Asctu Elyca Koecr Lesca Luppe Monfi Petpu Poapr Queel Quema Schsc Solri Sornu","34FL","GFL",34.73,628.18,0.85,5.27,43.48,0.5,-5.74,4.91,144.48,1650.22,3.31,23.92,145.86,5.7,17.16,8.54,179.22,2278.4,4.16,29.2,189.34,6.2,11.42,13.45,412.4,1509.45,1921.86,3.92,0.91,6.6,1.07,5.81,11.17,1.81,6.94,1.96,15.85,56.39,8.3,58.57,-3.02,18.45
242,16,"Agrsm Amoca Andge Asctu Elyca Koecr Liaas Luppe Monfi Panvi Petpu Poapr Queel Quema Schsc Solri Sornu","34FL","GFL",36.63,357.16,0.82,5.16,27.74,0.7,-7.44,2.13,101.67,1412.3,2.41,18.56,118.9,5.7,20.88,11.24,138.3,1769.46,3.23,23.72,146.64,6.4,13.44,13.37,307.19,1190.09,1497.27,2.86,0.55,4.21,0.83,3.32,14.16,1.67,3.81,1.9,14.04,53.99,7.89,44.76,-5.22,10.15
253,16,"Achmi Agrsm Amoca Andge Asctu Koecr Lesca Liaas Luppe Monfi Panvi Petpu Poapr Quema Schsc Solri Sornu","34FL","GFL",60.7,448.4,1.19,1.89,37.72,0.6,-6.82,6.63,105.66,1543.68,2.62,23.97,135.36,5.8,19.87,8.75,166.36,1992.08,3.81,25.86,173.08,6.4,13.06,15.38,371.14,1147.27,1518.4,3.67,0.67,5.42,1.08,4.16,11.7,1.49,3.67,1.72,9.75,74.61,4.69,53.09,-4.66,15.72
257,16,"Achmi Agrsm Amoca Elyca Koecr Lesca Liaas Luppe Monfi Panvi Petpu Poapr Queel Quema Schsc Solri Sornu","34FL","GFL",54.32,660.46,1.54,15.42,45.42,0.7,-3.57,6.67,130.74,1849.92,2.72,10.42,152.28,5.3,14.95,7.37,185.07,2510.38,4.26,25.84,197.7,6,11.38,14.04,370.25,1107.44,1477.69,3.74,0.7,5.52,0.81,3.92,10.85,1.33,3.99,1.44,8.31,66.55,17.67,60.01,-1.54,16.18
259,2,"Lesca Schsc","4L","GL",39.79,531.26,0.99,7.78,29.55,0.5,-3.2,6.61,73.14,1735.24,1.63,7.78,156.2,5,10.51,8.83,112.93,2266.5,2.62,15.56,185.75,5.5,7.3,15.44,229.86,1172.19,1402.05,2.53,0.41,2,0.39,1.72,9.73,1.17,2.23,1.29,7.5,49.01,9.46,41.81,-1.62,10.84
265,1,"Luppe","L","L",29.7,783.04,0.74,5.7,57.88,0.6,-1.89,-0.75,130.71,1500.48,3.01,22.12,144,5.5,8.93,9.66,160.41,2283.52,3.75,27.82,201.88,6.1,7.04,8.92,34.56,286.61,321.17,0.6,0.09,0.29,0.15,0.5,3.38,0.57,1.75,0.6,2.72,32.92,6.45,61.86,-1.23,1.29
266,8,"Achmi Agrsm Andge Petca Petpu Petvi Quema Schsc Sornu","34FL","GFL",37.85,107.73,0.89,5.25,-0.83,0.7,-2.7,3.59,92.97,1721.04,2.23,16.81,161.88,5.3,8.24,8.25,130.82,1828.77,3.12,22.06,161.05,6,5.54,11.84,270.5,1162.87,1433.37,2.81,0.46,2.57,0.6,2.19,9.19,0.93,2.67,1.16,6.63,46.67,7.01,11.17,-1.31,8.83
267,1,"Liaas","F","F",12.31,-199.92,0.21,1.46,-14.28,0.5,-1.36,-4.49,118.59,2371.84,2.95,20.47,209.44,5.2,9.25,11.04,130.9,2171.92,3.16,21.93,195.16,5.7,7.89,6.55,182.23,564.69,746.92,1.28,0.18,1.69,0.95,2.13,6.1,1.19,2.43,1.64,5.82,20.26,4.05,-6.9,0.00999999999999979,-0.37
268,1,"Koecr","3","G",11.85,-282.88,0.21,1.7,-34,0.6,-6.53,-4.74,146.15,2265.76,3.56,24.01,198.56,5.5,17.14,12.61,158,1982.88,3.77,25.71,164.56,6.1,10.61,7.86,100.69,251.71,352.4,1.01,0.21,0.75,0.19,0.58,3.22,0.38,0.63,0.33,2.06,14.49,2.22,-29.77,-5.94,-3.36
273,16,"Achmi Andge Asctu Elyca Koecr Lesca Liaas Luppe Monfi Panvi Petpu Poapr Queel Quema Schsc Solri Sornu","34FL","GFL",89.61,963.63,2.61,18.42,54.19,0.7,-0.79,12.05,161.18,3089.92,3.69,11.74,258.56,5,15.36,11.81,250.79,4053.56,6.3,30.17,312.75,5.7,14.57,23.86,701.39,1714.08,2415.47,6.17,1.47,9.61,1.19,5.47,12.34,1.89,5.31,2.23,7.71,102.79,21.84,72.7,2.57,26.97
278,2,"Elyca Sornu","34","G",2.77,182.63,-0.16,-6.25,10.67,0,-3.22,-1.64,128.33,1187.76,3.1,29.04,108.78,6,11.17,7.82,131.1,1370.39,2.94,22.79,119.45,6,7.95,6.17,75.81,457.7,533.5,0.6,0.11,0.49,0.15,0.5,4.35,0.6,1.05,0.6,2.79,6.06,-5.5,15.62,-2.51,-0.0999999999999999
280,1,"Schsc","4","G",9.03,388.09,-0.09,-7.58,19.44,0.1,-4.49,-0.96,112.61,1319.5,2.85,28.06,118.9,5.8,16.24,8.81,121.64,1707.59,2.76,20.48,138.34,5.9,11.75,7.85,66.22,852.63,918.84,0.55,0.13,0.58,0.11,0.49,6.65,1.11,1.79,1.11,4.69,14.21,-6.36,26.64,-3.25,1.41
282,1,"Sornu","4","G",-10.67,-112.97,-0.27,-1.7,-15.73,0.2,-5.15,-1.38,120.35,1547.26,2.69,16.67,143,5.8,19.45,7.93,109.68,1434.29,2.42,14.97,127.27,6,14.3,6.56,90.39,700.14,790.53,0.78,0.15,0.72,0.16,0.68,4.9,0.7,1.68,0.7,3.15,-6.84,-0.84,-10.05,-4.3,1.02
283,8,"Achmi Agrsm Andge Asctu Elyca Panvi Schsc Sornu","34F","GF",-3.91,-42.19,-0.13,-1.8,-17.87,0.3,-1.72,0.08,115.43,1544.4,2.67,19.33,145.86,5.7,15.44,6.98,111.53,1502.22,2.54,17.53,127.98,6,13.73,7.06,122.9,704.16,827.06,0.98,0.22,0.88,0.27,0.84,5.63,0.7,1.62,0.92,3.59,0.52,-0.61,-11.26,-0.8,2.58
286,4,"Lesca Poapr Schsc Sornu","34L","GL",7.88,325.51,0.16,-0.32,15.59,0.1,-5.26,2.05,109.32,1214.72,2.53,20.4,116.8,5.8,20.15,6.79,117.2,1540.23,2.69,20.08,132.39,5.9,14.89,8.85,223.48,886.66,1110.13,2.17,0.42,1.77,0.54,1.72,11.08,1.15,1.95,1.24,6.3,15.9,1.46,28.84,-3.69,5.77
287,4,"Achmi Elyca Monfi Schsc Solri","34F","GF",9.11,244.55,0.17,0.58,6.57,0.5,-6.42,1.05,93.83,1232.24,2.18,17.31,119.72,5.6,17.81,6.13,102.94,1476.79,2.35,17.88,126.29,6.1,11.39,7.18,108.47,626.46,734.93,0.82,0.16,1.41,0.34,1.39,5.95,0.75,2,1,4.76,15.26,1.92,13.34,-5.51,4.46
290,1,"Monfi Solri","F","F",11.47,411.89,0.35,5.47,28.98,0.5,-4.31,-1.33,90.54,1241,2.04,13.29,116.8,5.5,17.81,8.81,102.01,1652.89,2.39,18.76,145.78,6,13.5,7.47,108.36,238.51,346.86,0.93,0.17,1.64,0.4,1.54,2.81,0.26,0.55,0.57,3.89,16.9,6.44,32.72,-3.88,0.86
291,1,"Petpu","L","L",7.44,375.83,0.04,-1.46,31.19,0.3,-6.69,-5.48,85.81,1243.92,2.06,16.75,113.88,5.6,19.27,10.39,93.25,1619.75,2.1,15.29,145.07,5.9,12.58,4.91,120.65,324.6,445.25,2.57,0.33,0.78,0.43,1.98,4.77,0.55,0.58,0.45,3.31,12.73,-0.58,38.53,-5.81,-4.12
292,8,"Andge Elyca Koecr Lesca Luppe Petca Petvi Poapr Sornu","34L","GL",59.78,267.73,1.42,10.28,12.35,1,-6.83,5.55,112.17,1746.6,2.65,19.29,156.2,5.5,17.89,9.78,171.94,2014.33,4.07,29.57,168.55,6.5,11.06,15.32,317.82,1603.06,1920.88,2.86,0.7,3.24,0.7,2.86,13.79,1.76,4.65,1.92,19.24,81.88,12.9,29,-4.37,13.44
293,8,"Andge Asctu Lesca Luppe Petpu Queel Quema Schsc","4FL","GFL",42.28,632.64,0.92,2.1,42.18,0.5,-5.83,8.19,136.65,1509.12,3.26,27.73,138.24,5.8,12.67,7.36,178.93,2141.76,4.18,29.83,180.42,6.3,6.84,15.55,313.68,1111.91,1425.59,3.23,0.72,3.39,0.69,2.51,8.78,1,3.22,1.11,4.34,49.13,3.9,54.19,-4.11,14.8
299,16,"Agrsm Amoca Andge Asctu Elyca Koecr Lesca Liaas Luppe Monfi Panvi Petpu Poapr Quema Schsc Solri Sornu","34FL","GFL",78.22,689.35,2.04,14.57,52.48,1.2,-4.39,8.22,66.78,1351.4,1.48,7.86,121.8,4.9,12.76,6.37,145.01,2040.75,3.52,22.43,174.28,6.1,8.37,14.58,328.6,1040.89,1369.49,3.25,0.56,4.17,0.72,2.76,9.68,1.14,3.64,1.14,5.72,86.7,16.43,65.41,-2.69,16.03
300,2,"Luppe Panvi","4L","GL",60.75,682.58,1.46,12.38,57.34,1,-5.56,5.85,90.69,1203.04,1.97,10.82,110.96,5.3,14.31,8.59,151.44,1885.62,3.43,23.21,168.3,6.3,8.75,14.44,265,1107.36,1372.36,2.28,0.5,2.68,0.45,1.75,8.86,1.33,3.99,1.44,6.64,69.14,14.27,68.48,-3.73,12.52
301,16,"Achmi Agrsm Amoca Andge Asctu Elyca Koecr Lesca Liaas Luppe Monfi Panvi Poapr Quema Schsc Solri Sornu","34FL","GFL",29.13,281.76,0.77,6.43,18.51,0.3,-2.97,2.85,116.56,1319.5,2.67,19.16,121.8,5.8,10.15,8.9,145.68,1601.26,3.44,25.6,140.31,6.1,7.18,11.75,273.38,1027.51,1300.89,2.21,0.38,3.34,0.71,2.73,11.41,1.64,3.49,2.06,8.32,40.18,9.2,32.13,-0.95,9.68
302,4,"Liaas Luppe Monfi Quema Solri","FL","FL",25.66,271.66,0.5,0.42,25.52,0.4,-6.52,2.83,149.78,1558.7,3.56,29.24,134.42,5.9,17.73,7.43,175.44,1830.37,4.06,29.66,159.94,6.3,11.21,10.26,248.08,561.37,809.45,2.01,0.4,4.04,0.84,3.23,6.96,0.95,3.2,1.12,5.5,34.39,2.38,34.49,-5.17,10.07
303,8,"Achmi Agrsm Koecr Liaas Luppe Monfi Petca Petvi Poapr Solri","3FL","GFL",47.37,262.25,1.14,8.4,30.25,0.7,-1.18,7.89,120.89,1500.48,2.79,21.18,135.36,5.7,12.96,6.59,168.26,1762.73,3.93,29.58,165.61,6.4,11.78,14.48,325.51,919.24,1244.74,3.12,0.59,3.81,0.68,2.41,12.87,1.2,2.94,1.56,11.49,61.27,10.64,46.24,0.61,14.64
304,2,"Agrsm Koecr","3","G",-14.24,34.85,-0.22,1.22,5.49,0.3,-0.58,0.3,145.33,1746.6,3.27,21.44,159.04,5.6,6.53,6.11,131.09,1781.45,3.05,22.66,164.54,5.9,5.96,6.41,89.44,322.31,411.75,0.83,0.19,0.75,0.17,0.53,3.26,0.39,0.77,0.39,1.8,-11.91,1.78,9.58,1.11022302462516e-16,1.82
307,8,"Asctu Luppe Monfi Panvi Petpu Queel Quema Schsc Solri","4FL","GFL",54.8,603.88,1.3,8.66,46.94,0.7,-5.39,4.09,130.06,1457.28,2.9,19.22,132.48,5.5,12.67,6.77,184.87,2061.16,4.2,27.87,179.42,6.2,7.28,10.86,257.02,1121.45,1378.47,2.67,0.49,3.34,0.59,2.72,11.44,1.57,4.37,1.68,23.33,80.85,10.93,61.05,-3.33,11.8
308,1,"Asctu","F","F",28.07,-59.45,0.62,5.89,2.9,0.5,-2.9,-2.42,110.16,1351.4,2.44,15.37,121.8,5.6,13.92,8.1,138.23,1291.95,3.06,21.26,124.7,6.1,11.02,5.68,38.74,216.71,255.45,0.39,0.09,0.36,0.1,0.26,2.95,0.39,0.63,0.37,1.91,30.24,6.36,6.24,-2.42,-1.43
311,2,"Koecr Panvi","34","G",4.68,223.65,0.25,5.56,7.1,0.2,-1.42,1.88,124.55,1746.6,2.56,9.61,159.04,5.3,7.38,5.72,129.23,1970.25,2.81,15.17,166.14,5.5,5.96,7.6,165.67,806.96,972.63,1.26,0.2,1.21,0.22,0.88,6.54,0.81,1.94,1.05,3.95,9.51,6.83,14.9,-0.41,5.03
313,8,"Achmi Koecr Lesca Liaas Luppe Petca Petpu Petvi Quema","3FL","GFL",98.58,1043.87,2.08,12.65,89.5,1.1,-1.97,5.95,50.72,595.84,1.09,5.88,63.84,4.8,7.3,6.53,149.3,1639.71,3.17,18.53,153.34,5.9,5.33,12.48,332.6,867.46,1200.06,3.79,0.5,3.56,0.76,3.16,12.06,1.13,3.04,1.47,9.11,110.85,14.88,105.35,-0.34,12.55
318,16,"Achmi Agrsm Amoca Andge Asctu Elyca Koecr Lesca Luppe Monfi Panvi Poapr Queel Quema Schsc Solri Sornu","34FL","GFL",60.88,-606.15,1.33,5.73,-27,0.7,-6.48,6.21,91.89,2411.1,2.35,17.59,183.6,5.7,18.09,6.68,152.77,1804.95,3.68,23.31,156.6,6.4,11.61,12.89,324.02,944.18,1268.2,3.27,0.58,3.47,0.75,2.79,10.29,1.04,3.12,1.51,6.99,70.66,7.99,-13.44,-4.86,12.8
324,2,"Elyca Poapr","3","G",4.94,-58.73,0.02,-1.35,5.8,0.3,-4.06,-1.54,124.67,1418.1,2.84,21.24,121.8,5.8,14.21,6.78,129.6,1359.37,2.86,19.89,127.6,6.1,10.15,5.24,41.66,225.62,267.27,0.42,0.12,0.35,0.11,0.24,2.1,0.32,0.63,0.27,1.02,6.2,-0.97,8.32,-3.62,-0.56
325,4,"Koecr Monfi Panvi Petpu Solri","34FL","GFL",27.2,353.1,0.55,2.45,41.12,0.3,-3.47,0.69,132.2,1342.7,2.99,21.45,118.9,5.9,12.76,8,159.4,1695.8,3.54,23.9,160.02,6.2,9.29,8.7,272.24,618.58,890.82,3.1,0.63,3.81,0.84,3.54,7.18,0.87,1.86,1.05,11.26,42,4.34,51.4,-1.97,6.36
328,16,"Achmi Agrsm Amoca Andge Asctu Elyca Koecr Lesca Liaas Luppe Monfi Panvi Petpu Poapr Quema Schsc Solri","34FL","GFL",58.56,847.53,1.34,6.83,69.89,0.8,-2.51,4.19,73.94,1190.7,1.74,14.04,111.72,5.6,12.94,6.23,132.5,2038.23,3.08,20.88,181.61,6.4,10.43,10.42,326.84,1255.11,1581.95,3.27,0.59,4.18,0.92,2.97,12.17,1.38,5.02,2.01,8.53,70.06,9.76,85.33,-0.54,13.39
329,16,"Achmi Agrsm Amoca Andge Elyca Koecr Lesca Luppe Monfi Panvi Petpu Poapr Queel Quema Schsc Solri Sornu","34FL","GFL",44.51,556.8,1.11,5.77,44.83,0.9,-3.92,6.36,92.96,1423.9,2.21,18.41,127.6,5.6,13.63,6.12,137.47,1980.7,3.32,24.18,172.44,6.5,9.71,12.48,321.35,1131.84,1453.19,3.02,0.51,3.86,0.77,2.64,11.21,1.02,2.94,1.36,7.47,54.62,7.9,59.06,-2.39,13.16
330,2,"Andge Liaas","4F","GF",-8.84,-237.14,-0.34,-6.38,-19.88,0.3,0.28,0.66,137.65,1692.64,3.33,28.46,153.36,5.8,6.53,5.25,128.81,1455.5,2.99,22.08,133.48,6.1,6.82,5.91,170.02,587.08,757.11,1.22,0.17,1.56,0.71,1.75,2.64,0.59,2.64,1.12,3.64,-3.45,-4.55,-16.02,1.04,4.86
331,16,"Achmi Agrsm Amoca Andge Asctu Elyca Koecr Lesca Liaas Luppe Monfi Panvi Petpu Queel Quema Schsc Solri","34FL","GFL",46.86,598.72,1.07,4.71,49.38,0.5,-2.89,5.07,118.94,1638.78,2.88,24.06,148.72,5.9,7.44,7.48,165.8,2237.5,3.95,28.77,198.1,6.4,4.54,12.55,387.93,1291.47,1679.4,3.69,0.58,4.93,1.12,4.34,14.59,1.55,4.52,1.94,17.43,68.63,7.77,67.66,-0.76,14.52
334,2,"Elyca Sornu","34","G",21.45,-183.3,0.53,5.75,-27.5,0.5,-3.1,0.32,50.64,1855.56,1.2,6.37,166.38,5,8.18,7.02,72.09,1672.26,1.73,12.13,138.88,5.5,5.08,7.35,88.48,650.8,739.28,0.65,0.12,0.88,0.11,0.55,4.56,0.72,1.5,0.65,2.54,24.54,6.51,-22.29,-2.26,2.7
335,2,"Koecr Petca Petvi","3L","GL",29.79,-268.84,0.68,5.99,-32.18,0.7,-1.43,1.82,49.47,1621.62,1.15,6.18,160.16,4.9,6.58,6.07,79.26,1352.78,1.83,12.18,127.98,5.6,5.15,7.89,263.53,430.65,694.18,3.82,0.4,1.77,0.45,2.27,5.86,0.56,1.34,0.73,3.88,35.94,7.17,-22.5,-0.47,4.93
336,16,"Achmi Agrsm Amoca Andge Asctu Elyca Koecr Lesca Liaas Luppe Monfi Panvi Queel Quema Schsc Solri Sornu","34FL","GFL",69.7,607.26,1.87,15.47,40.86,1,-1.03,9.59,116.41,1468.8,2.39,9.64,138.24,5.3,5.18,5.94,186.11,2076.06,4.26,25.11,179.1,6.3,4.15,15.53,359.38,1224.67,1584.06,2.59,0.54,4.49,0.86,3.67,12,1.35,3.8,1.59,8.57,81.94,17.92,55.45,0.86,17.88
338,1,"Monfi Solri","F","F",29.55,233.6,0.71,7.35,18.25,0.5,-1.46,-0.15,97.09,1290.64,2.07,10.61,125.56,5.3,11.1,8.22,126.64,1524.24,2.78,17.96,143.81,5.8,9.64,8.08,134.35,268.59,402.94,1.38,0.3,2.16,0.55,2.4,2.74,0.4,2.01,0.64,4,35.95,8.54,22.37,-0.76,4.02
339,16,"Achmi Amoca Andge Asctu Elyca Koecr Lesca Liaas Luppe Monfi Panvi Petpu Poapr Queel Quema Schsc Solri","34FL","GFL",85.57,560.23,1.91,11.59,44.4,0.5,-2.59,7.14,104.79,1374.6,2.42,18.49,127.6,5.6,11.89,7.04,190.36,1934.83,4.33,30.07,172,6.1,9.3,14.18,337.08,1207.41,1544.49,2.73,0.64,4.79,0.81,4.01,9.66,1.33,4.35,1.45,7,96.58,13.85,56.79,-0.62,16.28
342,2,"Luppe Monfi Solri","FL","FL",58.54,344.79,1.51,10.88,27.31,0.6,-2.14,8.28,105.15,1400.7,2.42,18.23,136.3,5.6,9.28,7.07,163.69,1745.49,3.93,29.11,163.61,6.2,7.14,15.35,303.03,661.99,965.02,2.39,0.52,5.09,0.94,3.55,7.22,0.99,3.57,1.52,5.83,67.92,13.34,36.92,-0.63,16.94
